Dependency metrics (2),Tue, 25 Feb 2025 15:12:02 GMT-06:00,,,,
Class,Cyclic,Dcy,Dcy*,Dpt,Dpt*,LCOM
com.serotonin.mango.Common.ContextKeys,n/a,n/a,n/a,n/a,n/a,n/a
com.serotonin.mango.Common.GroveServlets,n/a,n/a,n/a,n/a,n/a,n/a
com.serotonin.mango.Common.TimePeriods,n/a,n/a,n/a,n/a,n/a,n/a
com.serotonin.mango.rt.dataImage.DataPointListener,n/a,n/a,n/a,n/a,n/a,n/a
com.serotonin.mango.rt.dataImage.IDataPoint,n/a,n/a,n/a,n/a,n/a,n/a
com.serotonin.mango.rt.dataImage.SetPointSource,n/a,n/a,n/a,n/a,n/a,n/a
com.serotonin.mango.rt.dataImage.SetPointSource.Types,n/a,n/a,n/a,n/a,n/a,n/a
com.serotonin.mango.rt.dataSource.http.HttpMulticastListener,n/a,n/a,n/a,n/a,n/a,n/a
com.serotonin.mango.rt.dataSource.nmea.NmeaMessageListener,n/a,n/a,n/a,n/a,n/a,n/a
com.serotonin.mango.rt.event.EventDetector,n/a,n/a,n/a,n/a,n/a,n/a
com.serotonin.mango.rt.event.EventDetectorListener,n/a,n/a,n/a,n/a,n/a,n/a
com.serotonin.mango.rt.event.EventInstance.AlternateAcknowledgementSources,n/a,n/a,n/a,n/a,n/a,n/a
com.serotonin.mango.rt.event.EventInstance.RtnCauses,n/a,n/a,n/a,n/a,n/a,n/a
com.serotonin.mango.rt.event.type.EventType.DuplicateHandling,n/a,n/a,n/a,n/a,n/a,n/a
com.serotonin.mango.rt.event.type.EventType.EventSources,n/a,n/a,n/a,n/a,n/a,n/a
com.serotonin.mango.rt.maint.work.WorkItem,n/a,n/a,n/a,n/a,n/a,n/a
com.serotonin.mango.util.ChangeComparable,n/a,n/a,n/a,n/a,n/a,n/a
com.serotonin.mango.util.ChangeComparableObject,n/a,n/a,n/a,n/a,n/a,n/a
com.serotonin.mango.util.timeout.ModelTimeoutClient,n/a,n/a,n/a,n/a,n/a,n/a
com.serotonin.mango.util.timeout.TimeoutClient,n/a,n/a,n/a,n/a,n/a,n/a
com.serotonin.mango.view.chart.ChartRenderer,n/a,n/a,n/a,n/a,n/a,n/a
com.serotonin.mango.view.conversion.Conversion,n/a,n/a,n/a,n/a,n/a,n/a
com.serotonin.mango.view.graphic.GraphicRenderer,n/a,n/a,n/a,n/a,n/a,n/a
com.serotonin.mango.view.stats.DataQuantizerCallback,n/a,n/a,n/a,n/a,n/a,n/a
com.serotonin.mango.view.stats.IValueTime,n/a,n/a,n/a,n/a,n/a,n/a
com.serotonin.mango.view.stats.StatisticsGenerator,n/a,n/a,n/a,n/a,n/a,n/a
com.serotonin.mango.view.text.TextRenderer,n/a,n/a,n/a,n/a,n/a,n/a
com.serotonin.mango.vo.DataPointVO.IntervalLoggingTypes,n/a,n/a,n/a,n/a,n/a,n/a
com.serotonin.mango.vo.DataPointVO.LoggingTypes,n/a,n/a,n/a,n/a,n/a,n/a
com.serotonin.mango.vo.DataPointVO.PurgeTypes,n/a,n/a,n/a,n/a,n/a,n/a
com.serotonin.mango.vo.dataSource.DataPointSaveHandler,n/a,n/a,n/a,n/a,n/a,n/a
com.serotonin.mango.vo.dataSource.PointLocatorVO,n/a,n/a,n/a,n/a,n/a,n/a
com.serotonin.mango.vo.dataSource.galil.PointTypeVO.Types,n/a,n/a,n/a,n/a,n/a,n/a
com.serotonin.mango.vo.dataSource.internal.InternalPointLocatorVO.Attributes,n/a,n/a,n/a,n/a,n/a,n/a
com.serotonin.mango.vo.dataSource.onewire.OneWirePointLocatorVO.AttributeTypes,n/a,n/a,n/a,n/a,n/a,n/a
com.serotonin.mango.vo.dataSource.snmp.SnmpDataSourceVO.AuthProtocols,n/a,n/a,n/a,n/a,n/a,n/a
com.serotonin.mango.vo.dataSource.snmp.SnmpDataSourceVO.PrivProtocols,n/a,n/a,n/a,n/a,n/a,n/a
com.serotonin.mango.vo.dataSource.snmp.SnmpPointLocatorVO.SetTypes,n/a,n/a,n/a,n/a,n/a,n/a
com.serotonin.mango.vo.dataSource.spinwave.SpinwaveV1PointLocatorVO.AttributeTypes,n/a,n/a,n/a,n/a,n/a,n/a
com.serotonin.mango.vo.dataSource.virtual.ChangeTypeVO.Types,n/a,n/a,n/a,n/a,n/a,n/a
com.serotonin.mango.vo.dataSource.vmstat.VMStatDataSourceVO.OutputScale,n/a,n/a,n/a,n/a,n/a,n/a
com.serotonin.mango.vo.dataSource.vmstat.VMStatPointLocatorVO.Attributes,n/a,n/a,n/a,n/a,n/a,n/a
com.serotonin.mango.vo.hierarchy.PointHierarchyListener,n/a,n/a,n/a,n/a,n/a,n/a
com.serotonin.mango.vo.permission.Permissions.DataPointAccessTypes,n/a,n/a,n/a,n/a,n/a,n/a
com.serotonin.mango.vo.report.ReportDataStreamHandler,n/a,n/a,n/a,n/a,n/a,n/a
com.serotonin.mango.web.dwr.beans.DataPointDefaulter,n/a,n/a,n/a,n/a,n/a,n/a
com.serotonin.mango.web.dwr.beans.TestingUtility,n/a,n/a,n/a,n/a,n/a,n/a
com.serotonin.mango.web.dwr.DataSourceEditDwr,0,120,538,0,0,41
com.serotonin.mango.vo.report.ReportVO,408,5,509,9,573,33
com.serotonin.mango.util.test.DummyServletContext,0,0,0,0,0,23
com.serotonin.mango.rt.event.type.EventType,408,17,509,48,573,19
com.serotonin.mango.vo.User,408,18,509,61,573,16
com.serotonin.mango.vo.dataSource.mbus.MBusDataSourceVO,408,12,509,3,573,16
br.org.scadabr.vo.dataSource.dnp3.Dnp3PointLocatorVO,408,4,509,4,573,15
com.serotonin.mango.view.component.ViewComponent,408,20,509,12,573,14
com.serotonin.mango.view.text.BaseTextRenderer,408,11,509,9,573,14
com.serotonin.mango.Common,408,10,509,188,573,13
com.serotonin.mango.vo.dataSource.openv4j.OpenV4JDataSourceVO,408,11,509,3,573,13
com.serotonin.mango.vo.dataSource.ebro.EBI25PointLocatorVO,408,10,509,7,573,12
com.serotonin.mango.rt.dataImage.types.MangoValue,408,6,509,96,573,11
com.serotonin.mango.rt.event.EventInstance,408,8,509,20,573,11
com.serotonin.mango.view.component.PointComponent,408,7,509,14,573,11
com.serotonin.mango.rt.dataSource.pop3.Pop3PointLocatorRT,408,3,509,2,573,10
com.serotonin.mango.rt.event.detectors.PointEventDetectorRT,408,11,509,18,573,10
com.serotonin.mango.vo.DataPointVO,408,23,509,121,573,10
com.serotonin.mango.vo.dataSource.DataSourceVO,408,14,509,60,573,10
com.serotonin.mango.vo.dataSource.ebro.EBI25DataSourceVO,408,11,509,5,573,10
com.serotonin.mango.vo.publish.httpSender.HttpSenderVO,408,11,509,4,573,10
com.serotonin.mango.web.dwr.WatchListDwr,0,23,510,1,2,10
com.serotonin.mango.web.dwr.beans.EBI25LoggerInfo,0,0,0,1,2,10
com.serotonin.mango.rt.dataSource.DataSourceRT,408,9,509,56,573,9
com.serotonin.mango.rt.dataSource.bacnet.BACnetIPDataSourceRT,408,20,509,3,573,9
com.serotonin.mango.view.component.CompoundComponent,408,9,509,5,573,9
com.serotonin.mango.vo.report.ReportChartCreator.PointStatistics,2,9,536,4,7,9
com.serotonin.mango.web.dwr.longPoll.LongPollRequest,0,0,0,2,2,9
com.serotonin.mango.db.DatabaseAccess,408,10,509,21,573,8
com.serotonin.mango.rt.dataImage.types.ImageValue,408,3,509,16,573,8
com.serotonin.mango.rt.dataSource.galil.PointTypeRT,408,4,509,13,573,8
com.serotonin.mango.rt.dataSource.http.HttpRetrieverPointLocatorRT,408,3,509,2,573,8
com.serotonin.mango.view.ViewGraphic,0,0,0,11,577,8
com.serotonin.mango.vo.dataSource.galil.CommandPointTypeVO,408,5,509,2,573,8
com.serotonin.mango.vo.dataSource.meta.MetaDataSourceVO,408,7,509,3,573,8
com.serotonin.mango.vo.dataSource.viconics.ViconicsPointLocatorVO,408,3,509,5,573,8
com.serotonin.mango.vo.publish.persistent.PersistentSenderVO,408,11,509,4,573,8
com.serotonin.mango.web.dwr.BaseDwr,408,23,509,26,573,8
br.org.scadabr.vo.dataSource.opc.OPCDataSourceVO,408,11,509,3,573,7
com.serotonin.mango.db.MySQLAccess,408,3,509,1,573,7
com.serotonin.mango.db.dao.WatchListDao,408,8,509,9,573,7
com.serotonin.mango.rt.dataImage.types.AlphanumericValue,408,2,509,14,573,7
com.serotonin.mango.rt.event.type.AuditEventType,408,14,509,79,573,7
com.serotonin.mango.view.PointView,0,3,511,2,2,7
com.serotonin.mango.view.component.SimpleCompoundComponent,408,5,509,2,573,7
com.serotonin.mango.vo.dataSource.galil.PointTypeVO,408,4,509,7,573,7
com.serotonin.mango.vo.dataSource.pachube.PachubeDataSourceVO,408,10,509,3,573,7
com.serotonin.mango.vo.publish.PublisherVO,408,12,509,23,573,7
com.serotonin.mango.vo.publish.pachube.PachubeSenderVO,408,11,509,4,573,7
com.serotonin.mango.vo.report.ReportInstance,408,3,509,8,573,7
com.serotonin.mango.vo.report.ReportPointInfo,0,2,510,5,19,7
com.serotonin.mango.web.dwr.MiscDwr,1,29,523,1,1,7
com.serotonin.mango.web.dwr.ViewDwr,0,39,512,1,2,7
br.org.scadabr.vo.dataSource.dnp3.Dnp3IpDataSourceVO,408,4,509,3,573,6
br.org.scadabr.vo.dataSource.dnp3.Dnp3SerialDataSourceVO,408,4,509,3,573,6
com.serotonin.mango.rt.dataImage.types.BinaryValue,408,2,509,25,573,6
com.serotonin.mango.rt.dataImage.types.MultistateValue,408,2,509,19,573,6
com.serotonin.mango.rt.dataImage.types.NumericValue,408,2,509,31,573,6
com.serotonin.mango.view.component.HtmlComponent,408,3,509,5,573,6
com.serotonin.mango.vo.dataSource.bacnet.BACnetIPDataSourceVO,408,10,509,3,573,6
com.serotonin.mango.vo.dataSource.galil.GalilDataSourceVO,408,11,509,3,573,6
com.serotonin.mango.vo.dataSource.galil.OutputPointTypeVO,408,6,509,2,573,6
com.serotonin.mango.vo.dataSource.galil.TellPositionPointTypeVO,408,6,509,2,573,6
com.serotonin.mango.vo.dataSource.http.HttpImageDataSourceVO,408,10,509,3,573,6
com.serotonin.mango.vo.dataSource.http.HttpReceiverDataSourceVO,408,9,509,3,573,6
com.serotonin.mango.vo.dataSource.http.HttpRetrieverDataSourceVO,408,10,509,3,573,6
com.serotonin.mango.vo.dataSource.internal.InternalDataSourceVO,408,10,509,3,573,6
com.serotonin.mango.vo.dataSource.jmx.JmxDataSourceVO,408,13,509,3,573,6
com.serotonin.mango.vo.dataSource.nmea.NmeaDataSourceVO,408,8,509,3,573,6
com.serotonin.mango.vo.dataSource.onewire.OneWireDataSourceVO,408,11,509,3,573,6
com.serotonin.mango.vo.dataSource.persistent.PersistentDataSourceVO,408,8,509,4,573,6
com.serotonin.mango.vo.dataSource.persistent.PersistentPointLocatorVO,408,5,509,4,573,6
com.serotonin.mango.vo.dataSource.pop3.Pop3DataSourceVO,408,10,509,3,573,6
com.serotonin.mango.vo.dataSource.snmp.SnmpDataSourceVO,408,10,509,3,573,6
com.serotonin.mango.vo.dataSource.sql.SqlDataSourceVO,408,10,509,3,573,6
com.serotonin.mango.vo.dataSource.viconics.ViconicsDataSourceVO,408,11,509,3,573,6
com.serotonin.mango.vo.dataSource.virtual.ChangeTypeVO,408,16,509,12,573,6
com.serotonin.mango.vo.dataSource.virtual.VirtualDataSourceVO,408,10,509,4,573,6
com.serotonin.mango.vo.dataSource.vmstat.VMStatDataSourceVO,408,12,509,3,573,6
com.serotonin.mango.vo.mailingList.EmailRecipient,408,2,509,9,573,6
com.serotonin.mango.vo.mailingList.MailingList,408,2,509,8,573,6
com.serotonin.mango.vo.report.ReportUserComment,0,0,0,4,18,6
com.serotonin.mango.web.dwr.SystemSettingsDwr,0,18,525,0,0,6
com.serotonin.mango.web.dwr.beans.BACnetObjectBean,0,0,0,2,2,6
com.serotonin.mango.web.dwr.beans.DataPointBean,408,2,509,3,573,6
com.serotonin.mango.web.dwr.longPoll.LongPollData,1,3,523,1,1,6
com.serotonin.mango.web.dwr.longPoll.LongPollState,0,4,4,2,2,6
com.serotonin.mango.web.taglib.Functions,408,8,509,5,573,6
com.serotonin.mango.db.DerbyAccess,408,5,509,1,573,5
com.serotonin.mango.db.MSSQLAccess,408,2,509,1,573,5
com.serotonin.mango.rt.dataImage.HistoricalDataPoint,0,4,510,1,2,5
com.serotonin.mango.rt.dataSource.ebro.EBI25Constants,408,3,509,6,573,5
com.serotonin.mango.rt.dataSource.pachube.PachubePointLocatorRT,408,2,509,2,573,5
com.serotonin.mango.rt.dataSource.snmp.Version,3,3,4,5,578,5
com.serotonin.mango.rt.event.compound.LogicalOperator,408,1,509,8,573,5
com.serotonin.mango.view.ImplDefinition,0,0,0,48,575,5
com.serotonin.mango.view.component.DynamicGraphicComponent,408,10,509,3,573,5
com.serotonin.mango.view.component.ImageChartComponent,408,7,509,2,573,5
com.serotonin.mango.view.component.WirelessTempHumSensor,408,8,509,1,573,5
com.serotonin.mango.vo.dataSource.AbstractPointLocatorVO,408,5,509,25,573,5
com.serotonin.mango.vo.dataSource.DataSourceVO.Type,408,28,509,35,573,5
com.serotonin.mango.vo.dataSource.galil.InputPointTypeVO,408,8,509,2,573,5
com.serotonin.mango.vo.dataSource.galil.VariablePointTypeVO,408,8,509,2,573,5
com.serotonin.mango.vo.dataSource.mbus.MBusPointLocatorVO,408,6,509,3,573,5
com.serotonin.mango.vo.dataSource.spinwave.SpinwaveDataSourceVO,408,11,509,3,573,5
com.serotonin.mango.vo.permission.Permissions,408,15,509,41,573,5
com.serotonin.mango.web.dwr.EventHandlersDwr,0,34,512,0,0,5
com.serotonin.mango.web.dwr.PublisherEditDwr,0,19,511,0,0,5
com.serotonin.mango.web.dwr.ReportsDwr,0,17,539,0,0,5
com.serotonin.mango.web.dwr.UsersDwr,0,15,511,0,0,5
com.serotonin.mango.web.dwr.beans.EBI25InterfaceReader,0,15,511,1,1,5
com.serotonin.mango.web.mvc.controller.MobileWatchListState,0,0,0,1,1,5
br.org.scadabr.vo.dataSource.dnp3.Dnp3DataSourceVO,408,10,509,4,573,4
br.org.scadabr.vo.dataSource.opc.OPCPointLocatorVO,408,6,509,4,573,4
com.serotonin.mango.db.dao.DataPointDao,408,22,509,57,573,4
com.serotonin.mango.db.dao.MailingListDao,408,10,509,11,573,4
com.serotonin.mango.db.dao.PublisherDao,408,7,509,11,573,4
com.serotonin.mango.db.dao.ReportDao,0,33,518,7,15,4
com.serotonin.mango.db.dao.ViewDao,408,6,509,10,573,4
com.serotonin.mango.rt.RuntimeManager,408,42,509,52,573,4
com.serotonin.mango.rt.dataImage.DataPointRT,408,28,509,60,573,4
com.serotonin.mango.rt.dataSource.bacnet.BACnetIPPointLocatorRT,408,2,509,3,573,4
com.serotonin.mango.rt.dataSource.galil.CommandPointTypeRT,408,4,509,1,573,4
com.serotonin.mango.rt.dataSource.http.HttpReceiverData,0,1,1,6,576,4
com.serotonin.mango.rt.dataSource.http.HttpReceiverDataSourceRT,408,16,509,1,573,4
com.serotonin.mango.rt.dataSource.jmx.JmxPointLocatorRT,408,3,509,2,573,4
com.serotonin.mango.rt.dataSource.meta.HistoricalMetaPointLocatorRT,0,11,512,1,1,4
com.serotonin.mango.rt.dataSource.meta.MetaDataSourceRT,408,8,509,3,573,4
com.serotonin.mango.rt.dataSource.meta.MetaPointLocatorRT,408,16,509,6,573,4
com.serotonin.mango.rt.dataSource.onewire.OneWireContainerAttribute,408,1,509,1,573,4
com.serotonin.mango.rt.dataSource.snmp.Version1,3,2,4,2,578,4
com.serotonin.mango.rt.event.handlers.EmailHandlerRT.NotificationType,0,0,0,1,574,4
com.serotonin.mango.rt.event.type.CompoundDetectorEventType,408,5,509,4,573,4
com.serotonin.mango.rt.event.type.DataSourceEventType,408,7,509,5,573,4
com.serotonin.mango.rt.event.type.MaintenanceEventType,408,5,509,4,573,4
com.serotonin.mango.rt.event.type.ScheduledEventType,408,5,509,4,573,4
com.serotonin.mango.rt.event.type.SystemEventType,408,10,509,15,573,4
com.serotonin.mango.rt.link.PointLinkRT,408,21,509,2,573,4
com.serotonin.mango.rt.publish.SendThread,0,0,0,4,574,4
com.serotonin.mango.view.graphic.DynamicImageRenderer,9,8,520,2,12,4
com.serotonin.mango.view.stats.StartsAndRuntime,408,1,509,3,573,4
com.serotonin.mango.view.stats.ValueChangeCounter,408,5,509,4,573,4
com.serotonin.mango.vo.CommPortProxy,0,0,0,1,574,4
com.serotonin.mango.vo.UserComment,0,0,0,11,576,4
com.serotonin.mango.vo.dataSource.http.HttpImagePointLocatorVO,408,7,509,5,573,4
com.serotonin.mango.vo.dataSource.http.HttpReceiverPointLocatorVO,408,6,509,4,573,4
com.serotonin.mango.vo.dataSource.http.HttpRetrieverPointLocatorVO,408,6,509,3,573,4
com.serotonin.mango.vo.dataSource.internal.InternalPointLocatorVO,408,8,509,4,573,4
com.serotonin.mango.vo.dataSource.modbus.ModbusDataSourceVO,408,9,509,5,573,4
com.serotonin.mango.vo.dataSource.nmea.NmeaPointLocatorVO,408,5,509,3,573,4
com.serotonin.mango.vo.dataSource.openv4j.OpenV4JPointLocatorVO,408,5,509,4,573,4
com.serotonin.mango.vo.dataSource.pop3.Pop3PointLocatorVO,408,6,509,3,573,4
com.serotonin.mango.vo.dataSource.spinwave.BaseSpinwavePointLocatorVO,408,5,509,5,573,4
com.serotonin.mango.vo.dataSource.virtual.AnalogAttractorChangeVO,408,8,509,4,573,4
com.serotonin.mango.vo.dataSource.virtual.BrownianChangeVO,408,5,509,4,573,4
com.serotonin.mango.vo.dataSource.virtual.IncrementAnalogChangeVO,408,5,509,4,573,4
com.serotonin.mango.vo.dataSource.virtual.IncrementMultistateChangeVO,408,5,509,5,573,4
com.serotonin.mango.vo.dataSource.virtual.RandomAnalogChangeVO,408,5,509,4,573,4
com.serotonin.mango.vo.dataSource.virtual.RandomMultistateChangeVO,408,5,509,4,573,4
com.serotonin.mango.vo.dataSource.vmstat.VMStatPointLocatorVO,408,8,509,4,573,4
com.serotonin.mango.vo.event.EventTypeVO,408,11,509,45,573,4
com.serotonin.mango.vo.publish.PublisherVO.Type,408,4,509,8,573,4
com.serotonin.mango.vo.report.ReportDataValue,0,2,510,5,19,4
com.serotonin.mango.web.dwr.CompoundEventsDwr,0,16,511,0,0,4
com.serotonin.mango.web.dwr.EmportDwr,408,21,509,1,573,4
com.serotonin.mango.web.dwr.MailingListsDwr,0,9,510,0,0,4
com.serotonin.mango.web.dwr.beans.EventInstanceBean,0,0,0,2,2,4
com.serotonin.mango.web.dwr.beans.MBusDataBlockBean,0,0,0,1,4,4
com.serotonin.mango.web.mvc.form.SqlForm,0,0,0,1,1,4
DojoFileStorageProvider,0,0,0,0,0,3
com.serotonin.mango.DataTypes,408,2,509,104,573,3
com.serotonin.mango.db.DatabaseAccess.DatabaseType,408,4,509,14,573,3
com.serotonin.mango.db.dao.BaseDao,408,3,509,30,573,3
com.serotonin.mango.db.dao.CompoundEventDetectorDao,408,7,509,9,573,3
com.serotonin.mango.db.dao.EventDao,408,24,509,17,573,3
com.serotonin.mango.db.dao.MaintenanceEventDao,408,7,509,8,573,3
com.serotonin.mango.db.dao.PointLinkDao,408,5,509,5,573,3
com.serotonin.mango.db.dao.PointValueDao,408,23,509,21,573,3
com.serotonin.mango.db.dao.PointValueDao.UnsavedPointValue,408,2,509,1,573,3
com.serotonin.mango.db.dao.ReportDao.PointInfo,0,1,510,2,16,3
com.serotonin.mango.db.dao.ScheduledEventDao,408,7,509,9,573,3
com.serotonin.mango.rt.EventManager,408,19,509,18,573,3
com.serotonin.mango.rt.dataImage.AnnotatedPointValueTime,408,4,509,4,573,3
com.serotonin.mango.rt.dataImage.PointValueTime,408,6,509,123,573,3
com.serotonin.mango.rt.dataSource.galil.InputPointTypeRT,408,5,509,1,573,3
com.serotonin.mango.rt.dataSource.galil.TellPositionPointTypeRT,408,4,509,1,573,3
com.serotonin.mango.rt.dataSource.http.HttpImageDataSourceRT,408,9,509,2,573,3
com.serotonin.mango.rt.dataSource.http.HttpReceiverPointSample,0,0,0,2,577,3
com.serotonin.mango.rt.dataSource.nmea.NmeaMessage,0,1,1,4,577,3
com.serotonin.mango.rt.dataSource.onewire.NetworkPath,408,3,509,3,573,3
com.serotonin.mango.rt.dataSource.pop3.Pop3Email,0,0,0,1,574,3
com.serotonin.mango.rt.dataSource.snmp.Version3,3,2,4,1,578,3
com.serotonin.mango.rt.dataSource.virtual.VirtualDataSourceRT,408,7,509,1,573,3
com.serotonin.mango.rt.event.type.DataPointEventType,408,5,509,5,573,3
com.serotonin.mango.rt.event.type.PublisherEventType,408,6,509,7,573,3
com.serotonin.mango.rt.publish.PublishedPointRT,408,8,509,3,573,3
com.serotonin.mango.rt.publish.PublisherRT,408,16,509,14,573,3
com.serotonin.mango.rt.publish.httpSender.HttpSenderRT,408,11,509,4,573,3
com.serotonin.mango.rt.publish.pachube.PachubeSenderRT,408,10,509,2,573,3
com.serotonin.mango.rt.publish.persistent.PacketType,0,1,1,7,576,3
com.serotonin.mango.rt.publish.persistent.PayloadReadTimeoutException,0,1,2,2,575,3
com.serotonin.mango.rt.publish.persistent.PersistentSenderRT,408,21,509,3,573,3
com.serotonin.mango.util.BackgroundContext,408,1,509,3,573,3
com.serotonin.mango.util.MangoGroveLogAppender,0,4,513,0,0,3
com.serotonin.mango.view.chart.BaseChartRenderer,408,6,509,5,573,3
com.serotonin.mango.view.component.CompoundChild,408,2,509,2,573,3
com.serotonin.mango.view.component.ImageSetComponent,408,7,509,5,573,3
com.serotonin.mango.view.component.ScriptComponent,408,9,509,4,573,3
com.serotonin.mango.view.component.SimpleImageComponent,408,5,509,2,573,3
com.serotonin.mango.view.component.SimplePointComponent,408,4,509,6,573,3
com.serotonin.mango.view.component.ThumbnailComponent,408,5,509,3,573,3
com.serotonin.mango.view.conversion.Conversions,408,5,509,3,573,3
com.serotonin.mango.view.graphic.ImageSetRenderer,9,6,520,4,12,3
com.serotonin.mango.view.stats.AnalogStatistics,408,4,509,5,573,3
com.serotonin.mango.view.stats.StartsAndRuntimeList,408,7,509,4,573,3
com.serotonin.mango.view.text.AnalogRenderer,408,6,509,6,573,3
com.serotonin.mango.view.text.BinaryTextRenderer,408,6,509,5,573,3
com.serotonin.mango.view.text.MultistateValue,0,0,0,3,574,3
com.serotonin.mango.view.text.NoneRenderer,408,4,509,4,573,3
com.serotonin.mango.view.text.PlainRenderer,408,6,509,6,573,3
com.serotonin.mango.view.text.RangeValue,0,0,0,2,574,3
com.serotonin.mango.view.text.TimeRenderer,408,6,509,3,573,3
com.serotonin.mango.vo.AnonymousUser,0,2,2,1,3,3
com.serotonin.mango.vo.bean.PointHistoryCount,0,0,0,2,574,3
com.serotonin.mango.vo.dataSource.jmx.JmxPointLocatorVO,408,6,509,4,573,3
com.serotonin.mango.vo.dataSource.meta.MetaPointLocatorVO,408,11,509,6,573,3
com.serotonin.mango.vo.dataSource.modbus.ModbusIpDataSourceVO,408,7,509,4,573,3
com.serotonin.mango.vo.dataSource.modbus.ModbusIpDataSourceVO.TransportType,0,0,0,3,574,3
com.serotonin.mango.vo.dataSource.modbus.ModbusSerialDataSourceVO,408,8,509,4,573,3
com.serotonin.mango.vo.dataSource.modbus.ModbusSerialDataSourceVO.EncodingType,0,0,0,3,574,3
com.serotonin.mango.vo.dataSource.pachube.PachubePointLocatorVO,408,6,509,3,573,3
com.serotonin.mango.vo.dataSource.snmp.SnmpPointLocatorVO,408,7,509,4,573,3
com.serotonin.mango.vo.dataSource.sql.SqlPointLocatorVO,408,6,509,4,573,3
com.serotonin.mango.vo.dataSource.virtual.AlternateBooleanChangeVO,408,4,509,2,573,3
com.serotonin.mango.vo.dataSource.virtual.NoChangeVO,408,4,509,2,573,3
com.serotonin.mango.vo.dataSource.virtual.RandomBooleanChangeVO,408,4,509,2,573,3
com.serotonin.mango.vo.event.CompoundEventDetectorVO,408,18,509,9,573,3
com.serotonin.mango.vo.event.MaintenanceEventVO,408,12,509,9,573,3
com.serotonin.mango.vo.event.PointEventDetectorVO,408,27,509,35,573,3
com.serotonin.mango.vo.link.PointLinkVO,408,7,509,7,573,3
com.serotonin.mango.vo.mailingList.AddressEntry,408,2,509,3,573,3
com.serotonin.mango.vo.mailingList.UserEntry,408,4,509,4,573,3
com.serotonin.mango.vo.publish.persistent.PersistentPointVO,408,1,509,5,573,3
com.serotonin.mango.vo.report.DiscreteTimeSeries,0,4,511,6,13,3
com.serotonin.mango.vo.report.ReportPointVO,0,0,0,3,574,3
com.serotonin.mango.web.dwr.DataSourceListDwr,0,13,510,1,1,3
com.serotonin.mango.web.dwr.PointLinksDwr,0,18,510,0,0,3
com.serotonin.mango.web.dwr.ScheduledEventsDwr,0,7,510,0,0,3
com.serotonin.mango.web.dwr.beans.DataExportDefinition,0,0,0,4,574,3
com.serotonin.mango.web.dwr.beans.EventSourceBean,0,1,510,2,2,3
com.serotonin.mango.web.dwr.beans.HttpReceiverDataListener,0,7,511,1,1,3
com.serotonin.mango.web.dwr.beans.MBusDeviceBean,0,0,0,1,3,3
com.serotonin.mango.web.dwr.beans.MBusResponseFrameBean,0,1,1,1,3,3
com.serotonin.mango.web.dwr.beans.RenderedPointValueTime,0,0,0,1,3,3
com.serotonin.mango.web.integration.CrowdUtils,0,2,510,3,4,3
com.serotonin.mango.web.mvc.controller.DataPointEditController,0,16,512,0,0,3
com.serotonin.mango.web.mvc.controller.ViewEditController,0,9,512,0,0,3
com.serotonin.mango.web.mvc.interceptor.CommonDataInterceptor,0,3,511,0,0,3
com.serotonin.mango.db.BasePooledAccess,408,2,509,2,573,2
com.serotonin.mango.db.dao.DataSourceDao,408,14,509,17,573,2
com.serotonin.mango.db.dao.EventDao.PendingEventCacheEntry,408,2,509,1,573,2
com.serotonin.mango.db.dao.PointValueDao.BatchWriteBehind,408,9,509,1,573,2
com.serotonin.mango.db.dao.UserDao,408,10,509,25,573,2
com.serotonin.mango.db.upgrade.DBUpgrade,408,5,509,39,573,2
com.serotonin.mango.db.upgrade.Upgrade0_10_0,0,1,510,0,0,2
com.serotonin.mango.db.upgrade.Upgrade0_7_0,0,11,512,0,0,2
com.serotonin.mango.db.upgrade.Upgrade0_8_0,0,1,510,0,0,2
com.serotonin.mango.db.upgrade.Upgrade0_8_1,0,1,510,0,0,2
com.serotonin.mango.db.upgrade.Upgrade0_9_0,0,1,510,0,0,2
com.serotonin.mango.db.upgrade.Upgrade0_9_1,0,1,510,0,0,2
com.serotonin.mango.db.upgrade.Upgrade0_9_2,0,4,510,0,0,2
com.serotonin.mango.db.upgrade.Upgrade1_0_0,0,1,510,0,0,2
com.serotonin.mango.db.upgrade.Upgrade1_0_1,0,4,523,0,0,2
com.serotonin.mango.db.upgrade.Upgrade1_10_0,0,4,510,0,0,2
com.serotonin.mango.db.upgrade.Upgrade1_11_0,0,1,510,0,0,2
com.serotonin.mango.db.upgrade.Upgrade1_11_1,0,1,510,0,0,2
com.serotonin.mango.db.upgrade.Upgrade1_11_2,0,1,510,0,0,2
com.serotonin.mango.db.upgrade.Upgrade1_12_0,0,1,510,0,0,2
com.serotonin.mango.db.upgrade.Upgrade1_12_1,0,1,510,0,0,2
com.serotonin.mango.db.upgrade.Upgrade1_12_2,0,1,510,0,0,2
com.serotonin.mango.db.upgrade.Upgrade1_1_0,0,1,510,0,0,2
com.serotonin.mango.db.upgrade.Upgrade1_1_1,0,6,513,0,0,2
com.serotonin.mango.db.upgrade.Upgrade1_2_0,0,1,510,0,0,2
com.serotonin.mango.db.upgrade.Upgrade1_2_1,0,1,510,0,0,2
com.serotonin.mango.db.upgrade.Upgrade1_2_2,0,1,510,0,0,2
com.serotonin.mango.db.upgrade.Upgrade1_2_3,0,1,510,0,0,2
com.serotonin.mango.db.upgrade.Upgrade1_3_0,0,1,510,0,0,2
com.serotonin.mango.db.upgrade.Upgrade1_4_0,0,1,510,0,0,2
com.serotonin.mango.db.upgrade.Upgrade1_4_1,0,1,510,0,0,2
com.serotonin.mango.db.upgrade.Upgrade1_4_2,0,1,510,0,0,2
com.serotonin.mango.db.upgrade.Upgrade1_5_0,0,30,521,0,0,2
com.serotonin.mango.db.upgrade.Upgrade1_6_0,0,4,510,0,0,2
com.serotonin.mango.db.upgrade.Upgrade1_6_1,0,1,510,0,0,2
com.serotonin.mango.db.upgrade.Upgrade1_6_2,0,3,510,0,0,2
com.serotonin.mango.db.upgrade.Upgrade1_6_3,0,3,510,0,0,2
com.serotonin.mango.db.upgrade.Upgrade1_6_4,0,3,510,0,0,2
com.serotonin.mango.db.upgrade.Upgrade1_7_0,0,3,510,0,0,2
com.serotonin.mango.db.upgrade.Upgrade1_8_0,0,1,510,0,0,2
com.serotonin.mango.db.upgrade.Upgrade1_8_1,0,1,510,0,0,2
com.serotonin.mango.db.upgrade.Upgrade1_8_2,0,1,510,0,0,2
com.serotonin.mango.db.upgrade.Upgrade1_8_3,0,8,510,0,0,2
com.serotonin.mango.db.upgrade.Upgrade1_9_0,0,3,510,0,0,2
com.serotonin.mango.rt.dataImage.DataPointRT.EventNotifyWorkItem,408,3,509,1,573,2
com.serotonin.mango.rt.dataSource.DataSourceUtils,408,10,509,6,573,2
com.serotonin.mango.rt.dataSource.EventDataSource,408,5,509,6,573,2
com.serotonin.mango.rt.dataSource.PointLocatorRT,0,0,0,55,574,2
com.serotonin.mango.rt.dataSource.PollingDataSource,408,6,509,18,573,2
com.serotonin.mango.rt.dataSource.bacnet.BACnetIPDataSourceRT.DevicePoller,408,4,509,1,573,2
com.serotonin.mango.rt.dataSource.ebro.EBI25DataSourceRT,408,10,509,1,573,2
com.serotonin.mango.rt.dataSource.ebro.ExceptionResultException,0,0,0,3,574,2
com.serotonin.mango.rt.dataSource.galil.GalilRequest,408,1,509,3,573,2
com.serotonin.mango.rt.dataSource.galil.GalilResponse,408,1,509,3,573,2
com.serotonin.mango.rt.dataSource.galil.GalilWaitingRoomKeyFactory,0,1,1,1,574,2
com.serotonin.mango.rt.dataSource.galil.OutputPointTypeRT,408,4,509,1,573,2
com.serotonin.mango.rt.dataSource.galil.VariablePointTypeRT,408,8,509,1,573,2
com.serotonin.mango.rt.dataSource.http.HttpImageDataSourceRT.ImageRetriever,408,9,509,2,573,2
com.serotonin.mango.rt.dataSource.http.HttpRetrieverDataSourceRT,408,12,509,2,573,2
com.serotonin.mango.rt.dataSource.internal.InternalDataSourceRT,408,8,509,1,573,2
com.serotonin.mango.rt.dataSource.jmx.JmxDataSourceRT,408,9,509,1,573,2
com.serotonin.mango.rt.dataSource.mbus.MBusConnectionType,0,0,0,2,574,2
com.serotonin.mango.rt.dataSource.mbus.MBusDataSourceRT,408,8,509,1,573,2
com.serotonin.mango.rt.dataSource.mbus.MBusPointLocatorRT,408,4,509,2,573,2
com.serotonin.mango.rt.dataSource.meta.AbstractPointWrapper,408,4,509,6,573,2
com.serotonin.mango.rt.dataSource.meta.AlphanumericPointWrapper,408,7,509,1,573,2
com.serotonin.mango.rt.dataSource.meta.BinaryPointWrapper,408,7,509,1,573,2
com.serotonin.mango.rt.dataSource.meta.MultistatePointWrapper,408,7,509,1,573,2
com.serotonin.mango.rt.dataSource.meta.NumericPointWrapper,408,7,509,1,573,2
com.serotonin.mango.rt.dataSource.meta.WrapperContext,408,1,509,7,573,2
com.serotonin.mango.rt.dataSource.nmea.NmeaReceiver,0,3,3,2,575,2
com.serotonin.mango.rt.dataSource.onewire.NetworkPathElement,0,0,0,2,574,2
com.serotonin.mango.rt.dataSource.onewire.OneWireContainerInfo,408,3,509,3,573,2
com.serotonin.mango.rt.dataSource.onewire.OneWirePointLocatorRT,408,2,509,2,573,2
com.serotonin.mango.rt.dataSource.openv4j.OpenV4JPointLocatorRT,408,2,509,2,573,2
com.serotonin.mango.rt.dataSource.pachube.PachubeDataSourceRT,408,12,509,4,573,2
com.serotonin.mango.rt.dataSource.pachube.PachubeValue,0,0,0,2,574,2
com.serotonin.mango.rt.dataSource.persistent.PersistentDataSourceRT,408,7,509,2,573,2
com.serotonin.mango.rt.dataSource.pop3.Pop3DataSourceRT,408,12,509,1,573,2
com.serotonin.mango.rt.dataSource.snmp.SnmpPointLocatorRT,408,9,509,2,573,2
com.serotonin.mango.rt.dataSource.snmp.SnmpTrapRouter.PortListener,408,1,509,1,573,2
com.serotonin.mango.rt.dataSource.spinwave.SpinwaveDataSourceRT,408,8,509,1,573,2
com.serotonin.mango.rt.dataSource.viconics.ViconicsDataSourceRT,408,35,509,2,573,2
com.serotonin.mango.rt.dataSource.virtual.VirtualPointLocatorRT,408,3,509,2,573,2
com.serotonin.mango.rt.event.SimpleEventDetector,1,2,2,6,575,2
com.serotonin.mango.rt.event.compound.CompoundEventDetectorRT,408,21,509,7,573,2
com.serotonin.mango.rt.event.compound.ConditionParseException,0,0,0,2,574,2
com.serotonin.mango.rt.event.detectors.NoChangeDetectorRT,408,6,509,1,573,2
com.serotonin.mango.rt.event.detectors.NoUpdateDetectorRT,408,6,509,1,573,2
com.serotonin.mango.rt.event.detectors.PointChangeDetectorRT,408,6,509,1,573,2
com.serotonin.mango.rt.event.detectors.StateChangeCountDetectorRT,408,5,509,1,573,2
com.serotonin.mango.rt.event.detectors.TimeDelayedEventDetectorRT,408,10,509,6,573,2
com.serotonin.mango.rt.event.detectors.TimeoutDetectorRT,408,5,509,13,573,2
com.serotonin.mango.rt.event.handlers.EventHandlerRT,408,2,509,6,573,2
com.serotonin.mango.rt.event.handlers.SetPointHandlerRT,408,19,509,1,573,2
com.serotonin.mango.rt.event.maintenance.MaintenanceEventRT,408,9,509,3,573,2
com.serotonin.mango.rt.event.schedule.ScheduledEventRT,408,10,509,2,573,2
com.serotonin.mango.rt.maint.DataPurge,1,14,520,3,3,2
com.serotonin.mango.rt.maint.MemoryCheck,0,1,510,0,0,2
com.serotonin.mango.rt.maint.VersionCheck,0,15,512,3,3,2
com.serotonin.mango.rt.maint.work.EmailWorkItem,408,8,509,6,573,2
com.serotonin.mango.rt.maint.work.ProcessWorkItem,408,7,509,4,573,2
com.serotonin.mango.rt.maint.work.ProcessWorkItem.InputReader,408,2,509,1,573,2
com.serotonin.mango.rt.maint.work.ProcessWorkItem.ProcessTimeout,408,2,509,1,573,2
com.serotonin.mango.rt.maint.work.ReportWorkItem,0,19,537,2,3,2
com.serotonin.mango.rt.maint.work.SetPointWorkItem,408,6,509,2,573,2
com.serotonin.mango.rt.publish.PublishQueueEntry,408,2,509,6,573,2
com.serotonin.mango.rt.publish.persistent.Packet,0,5,5,5,574,2
com.serotonin.mango.util.DateUtils,408,2,509,15,573,2
com.serotonin.mango.util.DocumentationItem,0,0,0,2,574,2
com.serotonin.mango.util.IntMessagePair,0,0,0,4,574,2
com.serotonin.mango.view.DynamicImage,0,1,1,6,575,2
com.serotonin.mango.view.ImageSet,0,1,1,12,575,2
com.serotonin.mango.view.View,408,11,509,14,573,2
com.serotonin.mango.view.chart.ImageChartRenderer,408,4,509,6,573,2
com.serotonin.mango.view.chart.ImageFlipbookRenderer,0,8,510,2,2,2
com.serotonin.mango.view.chart.StatisticsChartRenderer,408,10,509,5,573,2
com.serotonin.mango.view.chart.TableChartRenderer,408,8,509,5,573,2
com.serotonin.mango.view.component.AnalogGraphicComponent,408,6,509,3,573,2
com.serotonin.mango.view.component.BinaryGraphicComponent,408,8,509,3,573,2
com.serotonin.mango.view.component.MultistateGraphicComponent,408,9,509,3,573,2
com.serotonin.mango.view.conversion.Conversions.ConversionType,0,0,0,1,574,2
com.serotonin.mango.view.custom.CustomView,408,8,509,7,573,2
com.serotonin.mango.view.custom.CustomViewChartPoint,408,1,509,3,573,2
com.serotonin.mango.view.graphic.AnalogImageSetRenderer,9,5,520,3,12,2
com.serotonin.mango.view.graphic.BinaryImageSetRenderer,9,5,520,3,12,2
com.serotonin.mango.view.graphic.MultistateImageSetRenderer,9,5,520,2,12,2
com.serotonin.mango.view.graphic.ScriptRenderer,9,3,520,2,12,2
com.serotonin.mango.view.graphic.ThumbnailRenderer,9,3,520,2,12,2
com.serotonin.mango.view.text.MultistateRenderer,408,7,509,7,573,2
com.serotonin.mango.view.text.RangeRenderer,408,7,509,5,573,2
com.serotonin.mango.vo.ListParent,0,0,0,2,2,2
com.serotonin.mango.vo.bean.ImageValueBean,0,0,0,1,3,2
com.serotonin.mango.vo.bean.LongPair,0,0,0,2,574,2
com.serotonin.mango.vo.dataSource.bacnet.BACnetIPPointLocatorVO,408,7,509,3,573,2
com.serotonin.mango.vo.dataSource.modbus.ModbusPointLocatorVO,408,7,509,5,573,2
com.serotonin.mango.vo.dataSource.onewire.OneWirePointLocatorVO,408,8,509,6,573,2
com.serotonin.mango.vo.dataSource.spinwave.SpinwaveV2PointLocatorVO,408,6,509,2,573,2
com.serotonin.mango.vo.event.EventHandlerVO,408,20,509,13,573,2
com.serotonin.mango.vo.event.ScheduledEventVO,408,11,509,10,573,2
com.serotonin.mango.vo.publish.httpSender.HttpPointVO,408,1,509,4,573,2
com.serotonin.mango.vo.publish.pachube.PachubePointVO,408,1,509,5,573,2
com.serotonin.mango.vo.report.DiscreteTimeSeries.ValueDescription,0,0,0,1,14,2
com.serotonin.mango.vo.report.ImageChartUtils,1,5,514,7,12,2
com.serotonin.mango.vo.report.ReportJob,0,3,538,2,2,2
com.serotonin.mango.web.dwr.CustomViewDwr,0,7,510,1,2,2
com.serotonin.mango.web.dwr.DataPointDetailsDwr,0,19,514,1,2,2
com.serotonin.mango.web.dwr.MaintenanceEventsDwr,0,10,510,0,0,2
com.serotonin.mango.web.dwr.PointHierarchyDwr,0,3,510,0,0,2
com.serotonin.mango.web.dwr.PublisherListDwr,0,10,511,0,0,2
com.serotonin.mango.web.dwr.beans.BasePointState,0,0,0,8,577,2
com.serotonin.mango.web.dwr.beans.CustomComponentState,0,0,0,6,575,2
com.serotonin.mango.web.dwr.beans.HttpSenderTester,0,4,510,1,1,2
com.serotonin.mango.web.dwr.beans.ImportTask,408,37,509,2,573,2
com.serotonin.mango.web.dwr.beans.IntegerPair,0,0,0,1,1,2
com.serotonin.mango.web.dwr.beans.ModbusNodeScanListener,0,1,1,1,1,2
com.serotonin.mango.web.dwr.beans.OpenV4JDataPointBean,0,0,0,2,3,2
com.serotonin.mango.web.dwr.beans.OpenV4JProtocolBean,0,1,1,1,1,2
com.serotonin.mango.web.dwr.beans.SnmpOidGet,0,2,6,1,1,2
com.serotonin.mango.web.dwr.beans.SpinwaveSensorListener,0,2,2,1,1,2
com.serotonin.mango.web.dwr.beans.SqlStatementTester,0,1,1,1,1,2
com.serotonin.mango.web.email.MangoEmailContent,408,5,509,6,573,2
com.serotonin.mango.web.filter.HttpResponseHeaderFilter,0,0,0,0,0,2
com.serotonin.mango.web.filter.LoggedInFilter,0,3,511,1,1,2
com.serotonin.mango.web.filter.WebContextFilter,0,0,0,0,0,2
com.serotonin.mango.web.mvc.SimpleFormRedirectController,0,0,0,1,1,2
com.serotonin.mango.web.mvc.controller.ControllerUtils,0,5,510,7,8,2
com.serotonin.mango.web.mvc.controller.DataSourceListController,0,13,515,0,0,2
com.serotonin.mango.web.mvc.controller.LoginController,0,5,512,0,0,2
com.serotonin.mango.web.mvc.controller.ReportChartController.ReportChartView,0,0,0,1,1,2
com.serotonin.mango.web.mvc.form.LoginForm,0,0,0,1,1,2
com.serotonin.mango.web.mvc.form.ViewEditForm,0,1,510,1,1,2
com.serotonin.mango.web.taglib.ViewTagSupport,0,5,510,3,4,2
br.org.scadabr.rt.dataSource.dnp3.Dnp3DataSource,408,13,509,3,573,1
br.org.scadabr.rt.dataSource.dnp3.Dnp3IpDataSource,408,2,509,1,573,1
br.org.scadabr.rt.dataSource.dnp3.Dnp3PointLocatorRT,408,2,509,1,573,1
br.org.scadabr.rt.dataSource.dnp3.Dnp3SerialDataSource,408,2,509,1,573,1
br.org.scadabr.rt.dataSource.opc.OPCDataSourceRT,408,10,509,1,573,1
br.org.scadabr.rt.dataSource.opc.OPCPointLocatorRT,408,2,509,1,573,1
com.serotonin.mango.MangoContextListener,0,32,546,0,0,1
com.serotonin.mango.db.DBConvert,408,1,509,1,573,1
com.serotonin.mango.db.DatabaseAccessUtils,0,0,0,1,574,1
com.serotonin.mango.db.dao.CompoundEventDetectorDao.CompoundEventDetectorRowMapper,408,2,509,1,573,1
com.serotonin.mango.db.dao.DataPointDao.DataPointRowMapper,408,3,509,1,573,1
com.serotonin.mango.db.dao.DataPointDao.EventDetectorRowMapper,408,3,509,1,573,1
com.serotonin.mango.db.dao.DataSourceDao.DataSourceNameComparator,408,1,509,1,573,1
com.serotonin.mango.db.dao.DataSourceDao.DataSourceRowMapper,408,1,509,1,573,1
com.serotonin.mango.db.dao.EventDao.EventHandlerRowMapper,408,1,509,1,573,1
com.serotonin.mango.db.dao.EventDao.EventInstanceRowMapper,408,4,509,3,573,1
com.serotonin.mango.db.dao.EventDao.UserEventInstanceRowMapper,408,3,509,1,573,1
com.serotonin.mango.db.dao.EventDao.UserPendingEventRetriever,408,3,509,1,573,1
com.serotonin.mango.db.dao.MailingListDao.EmailRecipientRowMapper,408,4,509,1,573,1
com.serotonin.mango.db.dao.MailingListDao.MailingListRowMapper,408,1,509,1,573,1
com.serotonin.mango.db.dao.MailingListDao.MailingListScheduleInactiveMapper,0,0,0,1,574,1
com.serotonin.mango.db.dao.MaintenanceEventDao.MaintenanceEventRowMapper,408,2,509,1,573,1
com.serotonin.mango.db.dao.PointLinkDao.PointLinkRowMapper,408,2,509,1,573,1
com.serotonin.mango.db.dao.PointValueDao.BatchWriteBehindEntry,408,1,509,2,573,1
com.serotonin.mango.db.dao.PointValueDao.IdPointValueRowMapper,408,3,509,1,573,1
com.serotonin.mango.db.dao.PointValueDao.PointValueRowMapper,408,4,509,1,573,1
com.serotonin.mango.db.dao.PublisherDao.PublisherNameComparator,0,1,510,2,2,1
com.serotonin.mango.db.dao.PublisherDao.PublisherRowMapper,408,2,509,1,573,1
com.serotonin.mango.db.dao.ReportDao.ReportCommentRowMapper,0,1,1,1,16,1
com.serotonin.mango.db.dao.ReportDao.ReportInstanceRowMapper,0,2,510,1,16,1
com.serotonin.mango.db.dao.ReportDao.ReportRowMapper,0,1,510,1,16,1
com.serotonin.mango.db.dao.ScheduledEventDao.ScheduledEventRowMapper,408,2,509,1,573,1
com.serotonin.mango.db.dao.SystemSettingsDao,408,3,509,18,573,1
com.serotonin.mango.db.dao.UserCommentRowMapper,0,1,1,2,574,1
com.serotonin.mango.db.dao.UserDao.UserRowMapper,408,2,509,1,573,1
com.serotonin.mango.db.dao.ViewDao.ViewNameRowMapper,0,1,510,0,0,1
com.serotonin.mango.db.dao.ViewDao.ViewRowMapper,408,1,509,1,573,1
com.serotonin.mango.db.dao.ViewDao.ViewUserRowMapper,408,1,509,1,573,1
com.serotonin.mango.db.dao.WatchListDao.WatchListRowMapper,408,1,509,1,573,1
com.serotonin.mango.db.dao.WatchListDao.WatchListUserRowMapper,408,1,509,1,573,1
com.serotonin.mango.db.upgrade.Upgrade0_7_0.DataPointRowMapper,0,20,510,1,1,1
com.serotonin.mango.db.upgrade.Upgrade0_7_0.DataSourceRowMapper,0,8,510,1,1,1
com.serotonin.mango.db.upgrade.Upgrade1_0_1.PointViewRowMapper,0,8,522,1,1,1
com.serotonin.mango.db.upgrade.Upgrade1_1_1.EventHandlerRowMapper,0,4,511,1,1,1
com.serotonin.mango.db.upgrade.Upgrade1_1_1.RecipientListEntryBeanRowMapper,0,1,510,1,1,1
com.serotonin.mango.rt.dataImage.DataPointEventMulticaster,408,2,509,1,573,1
com.serotonin.mango.rt.dataImage.IdPointValueTime,408,2,509,3,573,1
com.serotonin.mango.rt.dataImage.PointValueCache,408,3,509,1,573,1
com.serotonin.mango.rt.dataImage.PointValueFacade,408,6,509,4,573,1
com.serotonin.mango.rt.dataImage.PvtTimeComparator,408,1,509,1,573,1
com.serotonin.mango.rt.dataSource.bacnet.BACnetIPDataSourceRT.CovResubscriptionTask,408,3,509,1,573,1
com.serotonin.mango.rt.dataSource.ebro.EBI25PointLocatorRT,408,2,509,2,573,1
com.serotonin.mango.rt.dataSource.galil.GalilDataSourceRT,408,13,509,5,573,1
com.serotonin.mango.rt.dataSource.galil.GalilMessageParser,408,3,509,2,573,1
com.serotonin.mango.rt.dataSource.galil.GalilPointLocatorRT,408,4,509,2,573,1
com.serotonin.mango.rt.dataSource.http.HttpImageDataSourceRT.ImageRetrieverMonitor,408,4,509,2,573,1
com.serotonin.mango.rt.dataSource.http.HttpImagePointLocatorRT,408,2,509,1,573,1
com.serotonin.mango.rt.dataSource.http.HttpReceiverMulticaster,0,2,3,5,574,1
com.serotonin.mango.rt.dataSource.http.HttpReceiverPointLocatorRT,408,2,509,2,573,1
com.serotonin.mango.rt.dataSource.internal.InternalPointLocatorRT,408,2,509,2,573,1
com.serotonin.mango.rt.dataSource.meta.DataPointStateException,0,0,0,3,574,1
com.serotonin.mango.rt.dataSource.meta.DistinctPointWrapper,408,6,509,2,573,1
com.serotonin.mango.rt.dataSource.meta.MetaPointExecutionException,0,0,0,2,2,1
com.serotonin.mango.rt.dataSource.meta.MetaPointLocatorRT.ExecutionDelayTimeout,408,2,509,1,573,1
com.serotonin.mango.rt.dataSource.meta.MetaPointLocatorRT.ScheduledUpdateTimeout,408,2,509,1,573,1
com.serotonin.mango.rt.dataSource.meta.ScriptExecutor,408,21,509,5,573,1
com.serotonin.mango.rt.dataSource.modbus.ModbusDataSource,408,17,509,4,573,1
com.serotonin.mango.rt.dataSource.modbus.ModbusIpDataSource,408,3,509,1,573,1
com.serotonin.mango.rt.dataSource.modbus.ModbusPointLocatorRT,408,2,509,2,573,1
com.serotonin.mango.rt.dataSource.modbus.ModbusSerialDataSource,408,4,509,1,573,1
com.serotonin.mango.rt.dataSource.nmea.NmeaDataSourceRT,408,14,509,1,573,1
com.serotonin.mango.rt.dataSource.nmea.NmeaPointLocatorRT,408,2,509,2,573,1
com.serotonin.mango.rt.dataSource.onewire.Network,408,3,509,3,573,1
com.serotonin.mango.rt.dataSource.onewire.OneWireDataSourceRT,408,19,509,2,573,1
com.serotonin.mango.rt.dataSource.openv4j.OpenV4JDataSourceRT,408,11,509,1,573,1
com.serotonin.mango.rt.dataSource.persistent.DoAbortException,0,0,0,1,574,1
com.serotonin.mango.rt.dataSource.persistent.PersistentDataSourceRT.ConnectionHandler,408,32,509,2,573,1
com.serotonin.mango.rt.dataSource.persistent.PersistentDataSourceRT.ConnectionHandler.RangeCountHandler,408,5,509,1,573,1
com.serotonin.mango.rt.dataSource.persistent.PersistentPointLocatorRT,408,2,509,1,573,1
com.serotonin.mango.rt.dataSource.snmp.SnmpDataSourceRT,408,10,509,3,573,1
com.serotonin.mango.rt.dataSource.snmp.SnmpTrapRouter,408,2,509,1,573,1
com.serotonin.mango.rt.dataSource.snmp.SnmpUtils,0,0,0,2,579,1
com.serotonin.mango.rt.dataSource.snmp.Version2c,3,1,4,1,578,1
com.serotonin.mango.rt.dataSource.spinwave.SpinwavePointLocatorRT,408,2,509,2,573,1
com.serotonin.mango.rt.dataSource.sql.SqlDataSourceRT,408,17,509,1,573,1
com.serotonin.mango.rt.dataSource.sql.SqlPointLocatorRT,408,2,509,2,573,1
com.serotonin.mango.rt.dataSource.viconics.ViconicsPointLocatorRT,408,2,509,1,573,1
com.serotonin.mango.rt.dataSource.virtual.AlternateBooleanChangeRT,408,3,509,1,573,1
com.serotonin.mango.rt.dataSource.virtual.AnalogAttractorChangeRT,408,9,509,1,573,1
com.serotonin.mango.rt.dataSource.virtual.BrownianChangeRT,408,4,509,1,573,1
com.serotonin.mango.rt.dataSource.virtual.ChangeTypeRT,408,1,509,21,573,1
com.serotonin.mango.rt.dataSource.virtual.IncrementAnalogChangeRT,408,4,509,1,573,1
com.serotonin.mango.rt.dataSource.virtual.IncrementMultistateChangeRT,408,5,509,1,573,1
com.serotonin.mango.rt.dataSource.virtual.NoChangeRT,408,2,509,1,573,1
com.serotonin.mango.rt.dataSource.virtual.RandomAnalogChangeRT,408,4,509,1,573,1
com.serotonin.mango.rt.dataSource.virtual.RandomBooleanChangeRT,408,3,509,1,573,1
com.serotonin.mango.rt.dataSource.virtual.RandomMultistateChangeRT,408,5,509,1,573,1
com.serotonin.mango.rt.dataSource.vmstat.VMStatDataSourceRT,408,10,509,1,573,1
com.serotonin.mango.rt.dataSource.vmstat.VMStatPointLocatorRT,408,2,509,2,573,1
com.serotonin.mango.rt.event.AlarmLevels,0,1,2,24,574,1
com.serotonin.mango.rt.event.compound.AndOperator,408,2,509,1,573,1
com.serotonin.mango.rt.event.compound.BinaryOperator,408,2,509,2,573,1
com.serotonin.mango.rt.event.compound.EventDetectorWrapper,408,7,509,1,573,1
com.serotonin.mango.rt.event.compound.NotOperator,408,2,509,1,573,1
com.serotonin.mango.rt.event.compound.OrOperator,408,2,509,1,573,1
com.serotonin.mango.rt.event.compound.Parenthesis,408,2,509,1,573,1
com.serotonin.mango.rt.event.detectors.AlphanumericStateDetectorRT,408,7,509,1,573,1
com.serotonin.mango.rt.event.detectors.AnalogHighLimitDetectorRT,408,7,509,1,573,1
com.serotonin.mango.rt.event.detectors.AnalogLowLimitDetectorRT,408,7,509,1,573,1
com.serotonin.mango.rt.event.detectors.BinaryStateDetectorRT,408,7,509,1,573,1
com.serotonin.mango.rt.event.detectors.DifferenceDetectorRT,408,10,509,2,573,1
com.serotonin.mango.rt.event.detectors.MultistateStateDetectorRT,408,7,509,1,573,1
com.serotonin.mango.rt.event.detectors.NegativeCusumDetectorRT,408,7,509,1,573,1
com.serotonin.mango.rt.event.detectors.PositiveCusumDetectorRT,408,7,509,1,573,1
com.serotonin.mango.rt.event.detectors.StateDetectorRT,408,4,509,3,573,1
com.serotonin.mango.rt.event.handlers.EmailHandlerRT,408,15,509,2,573,1
com.serotonin.mango.rt.event.handlers.ProcessHandlerRT,408,4,509,1,573,1
com.serotonin.mango.rt.event.type.EventTypeFactory,408,12,509,1,573,1
com.serotonin.mango.rt.maint.BackgroundProcessing,408,2,509,12,573,1
com.serotonin.mango.rt.maint.DataPurge.DataPurgeTask,1,1,520,1,3,1
com.serotonin.mango.rt.maint.WorkItemMonitor,0,4,510,1,1,1
com.serotonin.mango.rt.publish.PublishQueue,408,4,509,8,573,1
com.serotonin.mango.rt.publish.httpSender.HttpSenderRT.HttpSendThread,408,11,509,1,573,1
com.serotonin.mango.rt.publish.pachube.PachubePublishQueue,408,5,509,1,573,1
com.serotonin.mango.rt.publish.pachube.PachubeSenderRT.PachubeSendThread,408,13,509,1,573,1
com.serotonin.mango.rt.publish.persistent.PersistentAbortException,0,0,0,4,575,1
com.serotonin.mango.rt.publish.persistent.PersistentSenderRT.PersistentSendThread,408,25,509,3,573,1
com.serotonin.mango.rt.publish.persistent.PersistentSenderRT.PersistentSendThread.PointHierarchySync,408,4,509,1,573,1
com.serotonin.mango.rt.publish.persistent.PersistentSenderRT.PersistentSendThread.SyncHandler,408,16,509,1,573,1
com.serotonin.mango.util.DocumentationManifest,408,2,509,2,573,1
com.serotonin.mango.util.ExportCodes,0,1,1,83,575,1
com.serotonin.mango.util.LocalizableJsonException,0,0,0,54,574,1
com.serotonin.mango.util.mindprod.StripEntities,0,1,1,1,13,1
com.serotonin.mango.util.timeout.ModelTimeoutTask,408,2,509,3,573,1
com.serotonin.mango.util.timeout.TimeoutTask,408,2,509,5,573,1
com.serotonin.mango.view.ShareUser,408,4,509,12,573,1
com.serotonin.mango.view.ViewGraphicLoader,0,3,3,1,1,1
com.serotonin.mango.view.chart.BaseChartRenderer.Factory,408,7,509,1,573,1
com.serotonin.mango.view.chart.TimePeriodChartRenderer,408,4,509,3,573,1
com.serotonin.mango.view.component.ViewComponent.Factory,408,3,509,1,573,1
com.serotonin.mango.view.conversion.LinearConversion,0,1,1,1,574,1
com.serotonin.mango.view.custom.CustomViewChart,408,7,509,1,573,1
com.serotonin.mango.view.custom.CustomViewComponent,408,2,509,4,573,1
com.serotonin.mango.view.custom.CustomViewPoint,408,9,509,1,573,1
com.serotonin.mango.view.export.CsvWriter,0,0,0,3,16,1
com.serotonin.mango.view.graphic.BaseGraphicRenderer,9,10,520,6,12,1
com.serotonin.mango.view.graphic.BasicImageRenderer,9,3,520,2,12,1
com.serotonin.mango.view.graphic.BasicRenderer,9,3,520,3,12,1
com.serotonin.mango.view.stats.AbstractDataQuantizer,0,2,511,5,13,1
com.serotonin.mango.view.stats.BinaryDataQuantizer,0,4,512,2,10,1
com.serotonin.mango.view.stats.MultistateDataQuantizer,0,3,512,2,10,1
com.serotonin.mango.view.stats.NumericDataQuantizer,0,4,512,2,10,1
com.serotonin.mango.view.text.BaseTextRenderer.Factory,408,11,509,1,573,1
com.serotonin.mango.vo.DataPointExtendedNameComparator,408,1,509,10,573,1
com.serotonin.mango.vo.DataPointNameComparator,0,1,510,3,3,1
com.serotonin.mango.vo.WatchList,408,8,509,12,573,1
com.serotonin.mango.vo.dataSource.ebro.EBI25PointSaveHandler,408,8,509,1,573,1
com.serotonin.mango.vo.dataSource.galil.GalilPointLocatorVO,408,15,509,2,573,1
com.serotonin.mango.vo.dataSource.spinwave.SpinwaveV1PointLocatorVO,408,7,509,2,573,1
com.serotonin.mango.vo.dataSource.virtual.VirtualPointLocatorVO,408,25,509,4,573,1
com.serotonin.mango.vo.event.SimpleEventDetectorVO,0,0,0,3,574,1
com.serotonin.mango.vo.hierarchy.PointFolder,408,4,509,10,573,1
com.serotonin.mango.vo.hierarchy.PointHierarchy,408,1,509,8,573,1
com.serotonin.mango.vo.hierarchy.PointHierarchyEventDispatcher,408,2,509,2,573,1
com.serotonin.mango.vo.mailingList.EmailRecipientFactory,408,6,509,1,573,1
com.serotonin.mango.vo.permission.DataPointAccess,408,4,509,6,573,1
com.serotonin.mango.vo.permission.PermissionException,408,1,509,5,573,1
com.serotonin.mango.vo.publish.PublishedPointVO,408,3,509,19,573,1
com.serotonin.mango.vo.report.PointTimeSeriesCollection,1,3,514,6,12,1
com.serotonin.mango.vo.report.ReportChartCreator,2,17,536,4,7,1
com.serotonin.mango.vo.report.ReportChartCreator.StartsAndRuntimeWrapper,0,2,510,1,8,1
com.serotonin.mango.vo.report.ReportChartCreator.StreamHandler,2,22,536,1,7,1
com.serotonin.mango.vo.report.ReportCsvStreamer,0,5,514,3,13,1
com.serotonin.mango.web.ContextWrapper,408,11,509,86,573,1
com.serotonin.mango.web.comparators.BaseComparator,0,0,0,4,4,1
com.serotonin.mango.web.comparators.DataPointComparator,0,2,511,0,0,1
com.serotonin.mango.web.comparators.EventInstanceComparator,0,2,511,0,0,1
com.serotonin.mango.web.dwr.DataPointEditDwr,0,25,511,0,0,1
com.serotonin.mango.web.dwr.EventsDwr,408,7,509,1,573,1
com.serotonin.mango.web.dwr.beans.AutoShutOff,0,0,0,6,9,1
com.serotonin.mango.web.dwr.beans.BACnetDiscovery,0,4,512,1,1,1
com.serotonin.mango.web.dwr.beans.EBI25InterfaceUpdater,408,2,509,2,573,1
com.serotonin.mango.web.dwr.beans.GalilCommandTester,0,3,510,1,1,1
com.serotonin.mango.web.dwr.beans.MBusDiscovery,1,6,7,2,2,1
com.serotonin.mango.web.dwr.beans.MBusDiscovery.SearchThread,1,1,7,1,2,1
com.serotonin.mango.web.dwr.beans.NmeaUtilListener,0,5,6,1,1,1
com.serotonin.mango.web.dwr.beans.OpenV4JDiscovery,1,5,5,2,2,1
com.serotonin.mango.web.dwr.beans.OpenV4JDiscovery.SearchThread,1,1,5,1,2,1
com.serotonin.mango.web.dwr.beans.RecipientListEntryBean,408,9,509,8,573,1
com.serotonin.mango.web.dwr.beans.ViewComponentState,0,1,1,3,4,1
com.serotonin.mango.web.dwr.beans.WatchListState,0,1,1,5,575,1
com.serotonin.mango.web.dwr.util.AdminAjaxFilter,0,1,510,0,0,1
com.serotonin.mango.web.dwr.util.LoggedInAjaxFilter,0,1,510,1,1,1
com.serotonin.mango.web.dwr.util.LoggedInAjaxMethodFilter,0,3,511,0,0,1
com.serotonin.mango.web.email.MessageFormatDirective,0,0,0,2,574,1
com.serotonin.mango.web.email.SubjectDirective,0,0,0,1,574,1
com.serotonin.mango.web.email.UsedImagesDirective,0,0,0,2,574,1
com.serotonin.mango.web.filter.ExceptionDetectionFilter,0,2,510,0,0,1
com.serotonin.mango.web.filter.NormalLoggedInFilter,0,2,512,0,0,1
com.serotonin.mango.web.mvc.controller.DataPointDetailsController,0,18,512,0,0,1
com.serotonin.mango.web.mvc.controller.DataSourceEditController,0,13,510,0,0,1
com.serotonin.mango.web.mvc.controller.DataSourceListController.DataSourceComparator,0,5,512,1,1,1
com.serotonin.mango.web.mvc.controller.LogoutController,0,3,511,0,0,1
com.serotonin.mango.web.mvc.controller.MobileWatchListController,0,15,513,0,0,1
com.serotonin.mango.web.mvc.controller.PublicViewController,0,4,510,0,0,1
com.serotonin.mango.web.mvc.controller.PublisherEditController,0,12,512,0,0,1
com.serotonin.mango.web.mvc.controller.ReportChartController,0,9,539,0,0,1
com.serotonin.mango.web.mvc.controller.SqlController,0,5,511,0,0,1
com.serotonin.mango.web.mvc.controller.ViewsController,0,6,510,0,0,1
com.serotonin.mango.web.mvc.controller.WatchListController,0,8,511,1,1,1
com.serotonin.mango.web.mvc.controller.WebcamLiveFeedController,0,3,510,0,0,1
com.serotonin.mango.web.servlet.AsyncImageChartServlet,1,9,522,1,1,1
com.serotonin.mango.web.servlet.AsyncImageChartServlet.PointDataRetriever,1,16,522,1,1,1
com.serotonin.mango.web.servlet.BaseInfoServlet,0,0,0,4,8,1
com.serotonin.mango.web.servlet.ChartExportServlet,0,12,515,0,0,1
com.serotonin.mango.web.servlet.HttpDataSourceServlet,408,6,509,1,573,1
com.serotonin.mango.web.servlet.ImageChartServlet,0,13,517,0,0,1
com.serotonin.mango.web.servlet.ImageChartServlet.CacheElement,0,0,0,1,1,1
com.serotonin.mango.web.servlet.ImageValueServlet,0,4,511,1,3,1
com.serotonin.mango.web.servlet.ReportChartServlet,0,3,511,0,0,1
com.serotonin.mango.web.servlet.ReportEventExportServlet,0,1,524,0,0,1
com.serotonin.mango.web.servlet.ReportExportBase,0,7,523,3,3,1
com.serotonin.mango.web.servlet.ReportExportServlet,0,1,524,0,0,1
com.serotonin.mango.web.servlet.ReportUserCommentExportServlet,0,1,524,0,0,1
com.serotonin.mango.web.taglib.ChartPointTag,0,1,512,0,0,1
com.serotonin.mango.web.taglib.ChartTag,0,6,511,1,1,1
com.serotonin.mango.web.taglib.CustomViewInitTag,0,4,510,0,0,1
com.serotonin.mango.web.taglib.SimplePointTag,0,3,511,0,0,1
com.serotonin.mango.web.taglib.StaticPointTag,0,11,511,0,0,1
test.acceptance.ExampleSeleniumTests,0,0,0,0,0,1
test.unit.DateUtilsTests,0,3,510,0,0,1
com.serotonin.mango.ImageSaveException,0,0,0,2,574,0
com.serotonin.mango.db.DerbyAccess.IdentityStart,0,0,0,1,574,0
com.serotonin.mango.db.upgrade.Upgrade1_1_1.EventTypeAndHandler,0,2,510,2,2,0
com.serotonin.mango.rt.RTException,0,0,0,2,574,0
com.serotonin.mango.rt.dataSource.NoMatchException,0,0,0,3,574,0
com.serotonin.mango.rt.dataSource.galil.GalilWaitingRoomKeyFactory.GalilWaitingRoomKey,0,0,0,1,575,0
com.serotonin.mango.rt.dataSource.meta.ResultTypeException,0,0,0,5,574,0
com.serotonin.mango.rt.dataSource.onewire.OneWireDataSourceRT.NetworkReloadException,0,0,0,1,574,0
com.serotonin.mango.rt.dataSource.persistent.PersistentDataSourceRT.ConnectionHandler.PacketInfo,0,0,0,1,574,0
com.serotonin.mango.rt.dataSource.viconics.ViconicsDataSourceRT.PointKey,408,3,509,1,573,0
com.serotonin.mango.rt.event.compound.CompoundEventDetectorRT.ConditionStatementCharacter,0,0,0,1,574,0
com.serotonin.mango.rt.maint.VersionCheck.NI,0,0,0,1,4,0
com.serotonin.mango.rt.publish.persistent.PersistentProtocolException,0,0,0,4,577,0
com.serotonin.mango.util.CommPortConfigException,0,0,0,2,574,0
com.serotonin.mango.util.ExportCodes.Element,0,0,0,1,576,0
com.serotonin.mango.vo.report.EventCsvStreamer,0,3,511,2,12,0
com.serotonin.mango.vo.report.UserCommentCsvStreamer,0,3,3,2,12,0
,,,,,,
Interface,Cyclic,Dcy,Dcy*,Dpt,Dpt*,PDcy
com.serotonin.mango.Common.ContextKeys,0,0,0,2,574,0
com.serotonin.mango.Common.GroveServlets,0,0,0,2,4,0
com.serotonin.mango.Common.TimePeriods,0,0,0,37,574,0
com.serotonin.mango.rt.dataImage.DataPointListener,408,1,509,8,573,1
com.serotonin.mango.rt.dataImage.IDataPoint,408,2,509,14,573,1
com.serotonin.mango.rt.dataImage.SetPointSource,0,0,0,37,575,0
com.serotonin.mango.rt.dataImage.SetPointSource.Types,0,0,0,7,575,0
com.serotonin.mango.rt.dataSource.http.HttpMulticastListener,0,1,2,3,575,1
com.serotonin.mango.rt.dataSource.nmea.NmeaMessageListener,0,1,2,3,576,1
com.serotonin.mango.rt.event.EventDetector,0,0,0,3,576,0
com.serotonin.mango.rt.event.EventDetectorListener,1,1,2,2,575,1
com.serotonin.mango.rt.event.EventInstance.AlternateAcknowledgementSources,0,0,0,3,574,0
com.serotonin.mango.rt.event.EventInstance.RtnCauses,0,0,0,3,574,0
com.serotonin.mango.rt.event.type.EventType.DuplicateHandling,0,0,0,18,574,0
com.serotonin.mango.rt.event.type.EventType.EventSources,0,0,0,32,574,0
com.serotonin.mango.rt.maint.work.WorkItem,0,0,0,11,574,0
com.serotonin.mango.util.ChangeComparable,0,0,0,10,574,0
com.serotonin.mango.util.ChangeComparableObject,0,0,0,5,574,0
com.serotonin.mango.util.timeout.ModelTimeoutClient,0,0,0,4,574,0
com.serotonin.mango.util.timeout.TimeoutClient,0,0,0,6,574,0
com.serotonin.mango.view.chart.ChartRenderer,408,2,509,7,573,2
com.serotonin.mango.view.conversion.Conversion,0,0,0,2,575,0
com.serotonin.mango.view.graphic.GraphicRenderer,0,1,1,4,14,1
com.serotonin.mango.view.stats.DataQuantizerCallback,0,1,510,6,14,1
com.serotonin.mango.view.stats.IValueTime,408,1,509,7,573,1
com.serotonin.mango.view.stats.StatisticsGenerator,408,1,509,5,573,1
com.serotonin.mango.view.text.TextRenderer,408,3,509,34,573,3
com.serotonin.mango.vo.DataPointVO.IntervalLoggingTypes,0,0,0,2,574,0
com.serotonin.mango.vo.DataPointVO.LoggingTypes,0,0,0,8,574,0
com.serotonin.mango.vo.DataPointVO.PurgeTypes,0,2,510,1,1,1
com.serotonin.mango.vo.dataSource.DataPointSaveHandler,408,1,509,5,573,1
com.serotonin.mango.vo.dataSource.PointLocatorVO,408,3,509,39,573,3
com.serotonin.mango.vo.dataSource.galil.PointTypeVO.Types,0,0,0,7,574,0
com.serotonin.mango.vo.dataSource.internal.InternalPointLocatorVO.Attributes,0,0,0,1,574,0
com.serotonin.mango.vo.dataSource.onewire.OneWirePointLocatorVO.AttributeTypes,0,0,0,3,574,0
com.serotonin.mango.vo.dataSource.snmp.SnmpDataSourceVO.AuthProtocols,0,0,0,0,0,0
com.serotonin.mango.vo.dataSource.snmp.SnmpDataSourceVO.PrivProtocols,0,0,0,0,0,0
com.serotonin.mango.vo.dataSource.snmp.SnmpPointLocatorVO.SetTypes,0,0,0,2,574,0
com.serotonin.mango.vo.dataSource.spinwave.SpinwaveV1PointLocatorVO.AttributeTypes,0,0,0,1,574,0
com.serotonin.mango.vo.dataSource.virtual.ChangeTypeVO.Types,0,0,0,11,574,0
com.serotonin.mango.vo.dataSource.vmstat.VMStatDataSourceVO.OutputScale,0,0,0,2,574,0
com.serotonin.mango.vo.dataSource.vmstat.VMStatPointLocatorVO.Attributes,0,0,0,2,574,0
com.serotonin.mango.vo.hierarchy.PointHierarchyListener,408,1,509,2,573,1
com.serotonin.mango.vo.permission.Permissions.DataPointAccessTypes,0,0,0,3,574,0
com.serotonin.mango.vo.report.ReportDataStreamHandler,0,2,512,3,18,1
com.serotonin.mango.web.dwr.beans.DataPointDefaulter,0,1,510,1,1,1
com.serotonin.mango.web.dwr.beans.TestingUtility,0,0,0,11,583,0
,,,,,,
Package,Cyclic,PDcy,PDpt,PDpt*,,
,0,0,0,1,,
br.org.scadabr.rt.dataSource.dnp3,96,7,1,105,,
br.org.scadabr.rt.dataSource.opc,96,6,1,105,,
br.org.scadabr.vo.dataSource.dnp3,96,7,3,105,,
br.org.scadabr.vo.dataSource.opc,96,7,3,105,,
com.serotonin.mango,96,17,86,105,,
com.serotonin.mango.db,96,6,6,105,,
com.serotonin.mango.db.dao,96,25,38,105,,
com.serotonin.mango.db.upgrade,96,15,1,105,,
com.serotonin.mango.rt,96,26,31,105,,
com.serotonin.mango.rt.dataImage,96,14,46,105,,
com.serotonin.mango.rt.dataImage.types,96,1,40,105,,
com.serotonin.mango.rt.dataSource,96,10,52,105,,
com.serotonin.mango.rt.dataSource.bacnet,96,11,1,105,,
com.serotonin.mango.rt.dataSource.ebro,96,5,3,105,,
com.serotonin.mango.rt.dataSource.galil,96,6,2,105,,
com.serotonin.mango.rt.dataSource.http,96,9,6,105,,
com.serotonin.mango.rt.dataSource.internal,96,4,1,105,,
com.serotonin.mango.rt.dataSource.jmx,96,5,1,105,,
com.serotonin.mango.rt.dataSource.mbus,96,4,2,105,,
com.serotonin.mango.rt.dataSource.meta,96,12,5,105,,
com.serotonin.mango.rt.dataSource.modbus,96,10,2,105,,
com.serotonin.mango.rt.dataSource.nmea,96,6,2,105,,
com.serotonin.mango.rt.dataSource.onewire,96,6,2,105,,
com.serotonin.mango.rt.dataSource.openv4j,96,6,1,105,,
com.serotonin.mango.rt.dataSource.pachube,96,6,3,105,,
com.serotonin.mango.rt.dataSource.persistent,96,13,1,105,,
com.serotonin.mango.rt.dataSource.pop3,96,6,1,105,,
com.serotonin.mango.rt.dataSource.snmp,96,5,3,105,,
com.serotonin.mango.rt.dataSource.spinwave,96,4,1,105,,
com.serotonin.mango.rt.dataSource.sql,96,6,1,105,,
com.serotonin.mango.rt.dataSource.viconics,96,16,2,105,,
com.serotonin.mango.rt.dataSource.virtual,96,7,1,105,,
com.serotonin.mango.rt.dataSource.vmstat,96,3,1,105,,
com.serotonin.mango.rt.event,96,5,26,105,,
com.serotonin.mango.rt.event.compound,96,7,2,105,,
com.serotonin.mango.rt.event.detectors,96,11,3,105,,
com.serotonin.mango.rt.event.handlers,96,16,3,105,,
com.serotonin.mango.rt.event.maintenance,96,7,3,105,,
com.serotonin.mango.rt.event.schedule,96,7,2,105,,
com.serotonin.mango.rt.event.type,96,10,51,105,,
com.serotonin.mango.rt.link,96,12,2,105,,
com.serotonin.mango.rt.maint,96,11,11,105,,
com.serotonin.mango.rt.maint.work,96,11,9,105,,
com.serotonin.mango.rt.publish,96,8,8,105,,
com.serotonin.mango.rt.publish.httpSender,96,9,3,105,,
com.serotonin.mango.rt.publish.pachube,96,10,1,105,,
com.serotonin.mango.rt.publish.persistent,96,14,2,105,,
com.serotonin.mango.util,96,4,54,105,,
com.serotonin.mango.util.mindprod,0,0,1,106,,
com.serotonin.mango.util.test,0,0,0,1,,
com.serotonin.mango.util.timeout,96,1,8,105,,
com.serotonin.mango.view,96,7,16,105,,
com.serotonin.mango.view.chart,96,9,6,105,,
com.serotonin.mango.view.component,96,13,3,105,,
com.serotonin.mango.view.conversion,96,1,2,105,,
com.serotonin.mango.view.custom,96,9,3,105,,
com.serotonin.mango.view.export,0,0,1,106,,
com.serotonin.mango.view.graphic,96,4,2,105,,
com.serotonin.mango.view.stats,96,2,5,105,,
com.serotonin.mango.view.text,96,5,14,105,,
com.serotonin.mango.vo,96,14,53,105,,
com.serotonin.mango.vo.bean,0,0,3,106,,
com.serotonin.mango.vo.dataSource,96,31,53,105,,
com.serotonin.mango.vo.dataSource.bacnet,96,7,3,105,,
com.serotonin.mango.vo.dataSource.ebro,96,10,4,105,,
com.serotonin.mango.vo.dataSource.galil,96,7,3,105,,
com.serotonin.mango.vo.dataSource.http,96,7,4,105,,
com.serotonin.mango.vo.dataSource.internal,96,7,3,105,,
com.serotonin.mango.vo.dataSource.jmx,96,8,3,105,,
com.serotonin.mango.vo.dataSource.mbus,96,7,3,105,,
com.serotonin.mango.vo.dataSource.meta,96,9,3,105,,
com.serotonin.mango.vo.dataSource.modbus,96,7,4,105,,
com.serotonin.mango.vo.dataSource.nmea,96,7,3,105,,
com.serotonin.mango.vo.dataSource.onewire,96,7,3,105,,
com.serotonin.mango.vo.dataSource.openv4j,96,7,3,105,,
com.serotonin.mango.vo.dataSource.pachube,96,7,3,105,,
com.serotonin.mango.vo.dataSource.persistent,96,7,3,105,,
com.serotonin.mango.vo.dataSource.pop3,96,7,3,105,,
com.serotonin.mango.vo.dataSource.snmp,96,7,3,105,,
com.serotonin.mango.vo.dataSource.spinwave,96,9,3,105,,
com.serotonin.mango.vo.dataSource.sql,96,7,3,105,,
com.serotonin.mango.vo.dataSource.viconics,96,7,3,105,,
com.serotonin.mango.vo.dataSource.virtual,96,10,4,105,,
com.serotonin.mango.vo.dataSource.vmstat,96,8,3,105,,
com.serotonin.mango.vo.event,96,17,48,105,,
com.serotonin.mango.vo.hierarchy,96,4,6,105,,
com.serotonin.mango.vo.link,96,5,5,105,,
com.serotonin.mango.vo.mailingList,96,4,4,105,,
com.serotonin.mango.vo.permission,96,9,17,105,,
com.serotonin.mango.vo.publish,96,11,15,105,,
com.serotonin.mango.vo.publish.httpSender,96,7,3,105,,
com.serotonin.mango.vo.publish.pachube,96,8,3,105,,
com.serotonin.mango.vo.publish.persistent,96,7,3,105,,
com.serotonin.mango.vo.report,96,15,7,105,,
com.serotonin.mango.web,96,7,37,105,,
com.serotonin.mango.web.comparators,0,2,1,3,,
com.serotonin.mango.web.dwr,96,70,8,105,,
com.serotonin.mango.web.dwr.beans,96,25,11,105,,
com.serotonin.mango.web.dwr.longPoll,96,2,1,105,,
com.serotonin.mango.web.dwr.util,0,1,0,1,,
com.serotonin.mango.web.email,96,3,4,105,,
com.serotonin.mango.web.filter,0,5,0,1,,
com.serotonin.mango.web.integration,0,2,2,4,,
com.serotonin.mango.web.mvc,0,0,1,3,,
com.serotonin.mango.web.mvc.controller,0,26,1,2,,
com.serotonin.mango.web.mvc.form,0,1,1,3,,
com.serotonin.mango.web.mvc.interceptor,0,3,0,1,,
com.serotonin.mango.web.servlet,96,13,2,105,,
com.serotonin.mango.web.taglib,96,13,3,105,,
test.unit,0,2,0,1,,
test.unit.acceptance,0,0,0,1,,